,Date,Company,Sector,Price,Volume,MarketCap,PE_Ratio
0,2023-01-01,TechCorp,Technology,105.93239139054663,474663.0906866032,7647860380.000388,22.31042915444125
1,2023-01-02,TechCorp,Technology,105.68252514568108,493314.9146923676,7570363535.373571,21.76849850589955
2,2023-01-03,TechCorp,Technology,106.43793582981077,434339.66332532483,7522502563.98159,21.72606489811722
3,2023-01-04,TechCorp,Technology,105.10558343466361,487832.1479239324,7553495290.42152,21.352513906446774
4,2023-01-05,TechCorp,Technology,107.73725860771569,474863.8658831167,7590507477.979069,21.34704501088963
5,2023-01-06,TechCorp,Technology,105.6029867093286,482949.4493713399,7544277093.757371,22.138275210081325
6,2023-01-07,TechCorp,Technology,105.54325355268519,473280.90539462364,7565116891.471008,22.787178140942263
7,2023-01-08,TechCorp,Technology,106.16668633649923,454885.54967509705,7619152606.026892,21.436653590373236
8,2023-01-09,TechCorp,Technology,106.4027913181507,433225.6434922357,7537554459.69551,22.059682990739585
9,2023-01-10,TechCorp,Technology,106.9651291580565,484401.00950176,7583557811.9966955,21.84084563202783
10,2023-01-11,TechCorp,Technology,104.61110812893467,462999.17777584953,7570468966.911076,22.437736205008203
11,2023-01-12,TechCorp,Technology,106.54587522440825,437947.57181758253,7600241133.750203,21.8039401181434
12,2023-01-13,TechCorp,Technology,105.4622551572839,494974.6919820256,7627061317.116613,22.382433205553145
13,2023-01-14,TechCorp,Technology,105.28992811916316,472860.20809589536,7600513520.581562,22.401886056192755
14,2023-01-15,TechCorp,Technology,105.67222574419498,475827.2547760931,7545971428.996223,21.447480661381164
15,2023-01-16,TechCorp,Technology,107.04376601543058,512854.85866858205,7585213431.921178,22.414185656916697
16,2023-01-17,TechCorp,Technology,106.56500663932944,464793.63218992593,7601656727.052511,22.64908045304198
17,2023-01-18,TechCorp,Technology,106.14297737413028,517859.5230033542,7488553061.244427,22.334365747786585
18,2023-01-19,TechCorp,Technology,106.2734452901483,473105.27449544467,7591426855.148719,21.099705903559705
19,2023-01-20,TechCorp,Technology,105.94776798071848,488861.52603622625,7644016373.458901,21.745408894975533
20,2023-01-21,TechCorp,Technology,105.32255109048535,468236.38535248855,7622675583.092722,22.117643762267456
21,2023-01-22,TechCorp,Technology,105.61851305070158,492611.4735630365,7591628572.059775,22.398853698750298
22,2023-01-23,TechCorp,Technology,105.43557070633872,472417.15002218797,7573068999.868743,21.330008438134918
23,2023-01-24,TechCorp,Technology,106.49544135128399,486554.7785653691,7588139479.453638,21.870077226194304
24,2023-01-25,TechCorp,Technology,104.6781627671682,470184.2254245908,7574942980.975933,21.620598192537226
25,2023-01-26,TechCorp,Technology,106.00976301684771,489988.71544985444,7659506855.185427,22.04989024202884
26,2023-01-27,TechCorp,Technology,106.4544874533915,478497.957041682,7515147819.486705,21.96151780625624
27,2023-01-28,TechCorp,Technology,106.24497087705916,539438.7234562158,7580647353.740005,22.105688702357487
28,2023-01-29,TechCorp,Technology,106.14416051672555,452220.7537768297,7631303862.33072,22.303616726304462
29,2023-01-30,TechCorp,Technology,107.02094359981223,458447.4320231316,7641167110.0318985,21.357107458453783
30,2023-01-31,TechCorp,Technology,106.80414866249205,532887.950713289,7550364798.165702,21.72430256185689
31,2023-02-01,TechCorp,Technology,106.28682866083304,468195.11414743826,7529113728.467515,22.003300601529705
32,2023-02-02,TechCorp,Technology,105.05305293145486,491658.7067013887,7553062771.507858,22.654309117549293
33,2023-02-03,TechCorp,Technology,105.34935150913745,472551.645162922,7618810097.749819,21.432249874282512
34,2023-02-04,TechCorp,Technology,106.4225371008159,511675.8226757059,7526958000.613039,22.054309505999353
35,2023-02-05,TechCorp,Technology,106.45696402319487,499060.6407083965,7541015903.547563,21.392877339549084
36,2023-02-06,TechCorp,Technology,106.73522069393911,487417.59748267767,7597449106.755786,22.12542098982022
37,2023-02-07,TechCorp,Technology,105.4589606562564,485863.12930192275,7599064566.042623,21.65923838549559
38,2023-02-08,TechCorp,Technology,108.16211619339656,491664.4819037021,7542747746.390134,22.261700960923026
39,2023-02-09,TechCorp,Technology,105.14609090908279,499186.9974453373,7631902276.715612,21.61250984718569
40,2023-02-10,TechCorp,Technology,107.20394040663936,490198.3618516825,7619134214.664041,22.806740765203998
41,2023-02-11,TechCorp,Technology,105.92046222790576,462185.28664791497,7554197541.340731,21.61465092751174
42,2023-02-12,TechCorp,Technology,106.09915044728638,488478.2437004132,7598443049.798201,22.33668644175637
43,2023-02-13,TechCorp,Technology,106.19482336823712,515191.3057899089,7577904468.199944,23.168584457270676
44,2023-02-14,TechCorp,Technology,106.8453577851731,459701.6957472385,7547316106.8713,22.185198648899917
45,2023-02-15,TechCorp,Technology,105.94374276718058,497431.934724769,7605899982.765641,21.941164042826603
46,2023-02-16,TechCorp,Technology,105.28188363836335,443907.747869853,7571004820.749454,22.34952560443657
47,2023-02-17,TechCorp,Technology,106.40834474372596,450370.19509098446,7594515913.417117,22.142502567279795
48,2023-02-18,TechCorp,Technology,105.24252900520545,483977.3212432299,7590153899.211715,21.470876077982
49,2023-02-19,TechCorp,Technology,106.5609200879789,493752.5626364394,7629036145.208925,22.43627710999369
50,2023-02-20,TechCorp,Technology,104.71819446991529,457764.5237172557,7607485773.932407,22.198959801553105
51,2023-02-21,TechCorp,Technology,106.7279007027191,572806.318955669,7609604906.643037,22.472209213919555
52,2023-02-22,TechCorp,Technology,107.19398660966998,495928.4184542291,7575984247.109216,22.306708873276467
53,2023-02-23,TechCorp,Technology,105.36042414828387,474598.69278123067,7569530915.617085,22.009150371089977
54,2023-02-24,TechCorp,Technology,108.63874585242056,435444.68195184285,7613982000.83824,21.264440094148043
55,2023-02-25,TechCorp,Technology,105.6799157685587,506436.09377901314,7590384242.703205,21.499540306312298
56,2023-02-26,TechCorp,Technology,105.4215010680571,496605.77735896327,7560235565.406744,22.06829531030936
57,2023-02-27,TechCorp,Technology,106.22940647055678,464638.0053753269,7669286130.572856,22.25175388880616
58,2023-02-28,TechCorp,Technology,104.03070081614118,484763.2898286767,7562837478.244557,22.347782930135228
59,2023-03-01,TechCorp,Technology,105.33951124054565,477530.4088292491,7607104555.998296,22.353637399665796
60,2023-03-02,TechCorp,Technology,104.90653088515037,472252.914176246,7569926180.676071,21.686055402204314
61,2023-03-03,TechCorp,Technology,108.05559510870661,490011.0692476701,7540107882.81545,22.376536410122068
62,2023-03-04,TechCorp,Technology,108.43434487697336,505079.6387482665,7530300994.002691,21.760366534944016
63,2023-03-05,TechCorp,Technology,107.52623698027578,463291.5455324079,7604783864.413134,22.313592993919965
64,2023-03-06,TechCorp,Technology,105.19679361783318,478856.2636316155,7464972677.049823,21.52298881463733
65,2023-03-07,TechCorp,Technology,105.91283839324801,450321.1002063088,7649878716.148312,21.34467490054166
66,2023-03-08,TechCorp,Technology,105.71377411223745,483425.3641954805,7642626991.972071,21.342160830128453
67,2023-03-09,TechCorp,Technology,107.41607693813843,480531.4622192582,7550707305.659289,22.176247244971243
68,2023-03-10,TechCorp,Technology,106.39238143794782,465871.9427369015,7590593748.377829,21.803838463033273
69,2023-03-11,TechCorp,Technology,106.30155169970246,496186.31803617184,7648118521.929696,21.42919508407805
70,2023-03-12,TechCorp,Technology,108.44589437490623,433407.7275988681,7582186791.176419,22.231713560062087
71,2023-03-13,TechCorp,Technology,106.47937785227681,465332.03812310303,7580049374.862064,21.756513820108733
72,2023-03-14,TechCorp,Technology,105.55522432946677,500688.31041694665,7601490546.511137,21.66866128169487
73,2023-03-15,TechCorp,Technology,107.13622213121074,487665.3011853556,7618785243.490155,22.249868511570543
74,2023-03-16,TechCorp,Technology,105.3007824867714,466833.37478108465,7616297591.954969,22.241405072188762
75,2023-03-17,TechCorp,Technology,106.15882430189114,483103.2559174163,7636419734.133789,21.713195713799646
76,2023-03-18,TechCorp,Technology,106.76193139493616,475430.2103553996,7579686710.796124,22.45604188821075
77,2023-03-19,TechCorp,Technology,107.05745330777118,499821.57573093224,7637474986.348425,21.982400103464958
78,2023-03-20,TechCorp,Technology,106.90512243312754,472834.88789506315,7600244259.342317,21.915976575604585
79,2023-03-21,TechCorp,Technology,106.28400912998485,494577.99366401596,7556902406.642852,22.892697297003835
80,2023-03-22,TechCorp,Technology,105.1128183319104,451127.84980288165,7631883887.120804,22.321076458078597
81,2023-03-23,TechCorp,Technology,106.843714601311,495374.9914108074,7587480837.07953,21.578859232854416
82,2023-03-24,TechCorp,Technology,106.26150787855381,464024.16746865417,7624941253.152849,21.908543348000283
83,2023-03-25,TechCorp,Technology,105.30449650141587,472567.8710049597,7603611983.105114,21.725433378865425
84,2023-03-26,TechCorp,Technology,105.30797584230989,486137.69698651606,7597239441.228094,21.75038671568982
85,2023-03-27,TechCorp,Technology,105.68086455984329,485858.23615570326,7533005551.160799,21.354640877173217
86,2023-03-28,TechCorp,Technology,105.41816644045852,475159.9415895092,7599741224.582284,22.62153473392652
87,2023-03-29,TechCorp,Technology,107.09168954451238,476444.9129425013,7587224006.558988,21.532594727094335
88,2023-03-30,TechCorp,Technology,106.16136039087593,473353.791415562,7600189330.502828,21.6096319661311
89,2023-03-31,TechCorp,Technology,106.73246524197523,517093.353380634,7583819145.920219,22.149707280614894
90,2023-04-01,TechCorp,Technology,106.91381974197584,470650.6993516092,7596447483.97078,21.978703583122865
91,2023-04-02,TechCorp,Technology,106.28473130271732,461722.44443456456,7588875385.632104,22.19202170305771
92,2023-04-03,TechCorp,Technology,107.7218568799941,503321.92665600975,7669636631.743291,21.635948519822783
93,2023-04-04,TechCorp,Technology,107.10725675789026,484688.54994908505,7671026002.608163,21.61795217635379
94,2023-04-05,TechCorp,Technology,105.28939262816031,465891.73607313604,7507365451.53557,21.742119597869227
95,2023-04-06,TechCorp,Technology,105.37496304040867,483897.32198430924,7600911604.854633,22.797678088063776
96,2023-04-07,TechCorp,Technology,107.19018753216174,466431.7931084859,7553859868.596137,22.189350152466652
97,2023-04-08,TechCorp,Technology,104.77918077019844,524266.89739918994,7632693112.94563,21.766984159635328
98,2023-04-09,TechCorp,Technology,104.36199414736811,512798.0011382379,7583599865.79944,22.517144641151585
99,2023-04-10,TechCorp,Technology,104.48803831047965,465892.15926465916,7588144420.840424,21.993815935113634
100,2023-01-01,FinServe,Finance,163.58282205080803,474504.0893661362,8652027393.386988,15.100747989302668
101,2023-01-02,FinServe,Finance,166.52475404467938,451032.6153587478,8580500420.64552,15.328909773858806
102,2023-01-03,FinServe,Finance,165.89758722271705,460020.97068984795,8713889226.258923,14.981541722207396
103,2023-01-04,FinServe,Finance,167.29805790906283,479519.6673074212,8735921165.096006,15.471702293468848
104,2023-01-05,FinServe,Finance,164.93645475731975,501122.2854799621,8674728785.465322,15.356099713467009
105,2023-01-06,FinServe,Finance,163.75262955008873,494299.70741981,8692586580.687588,14.421205788208304
106,2023-01-07,FinServe,Finance,163.3916166630259,429178.19752774556,8635178945.298239,15.161463571979812
107,2023-01-08,FinServe,Finance,167.8322313023789,479676.8100411454,8717238296.516567,14.534395552859985
108,2023-01-09,FinServe,Finance,162.5316015687436,476578.96221266105,8663431252.635729,14.937188291693916
109,2023-01-10,FinServe,Finance,161.9296357922391,475776.74057185824,8590428908.764679,15.147153438127015
110,2023-01-11,FinServe,Finance,165.95427555663858,455447.5687747083,8624609925.663843,14.630321548894178
111,2023-01-12,FinServe,Finance,165.24447357294306,500729.71818687633,8604209505.521397,15.097641317488966
112,2023-01-13,FinServe,Finance,164.47134131489236,458960.3461901339,8642199151.32429,14.637487481062218
113,2023-01-14,FinServe,Finance,164.43266360204987,449282.6228599924,8731769702.977417,14.95750369431467
114,2023-01-15,FinServe,Finance,164.19112935848966,483019.4092375422,8641970110.303862,14.880905550562309
115,2023-01-16,FinServe,Finance,166.36362532183279,496007.1769946959,8623890759.14681,14.774827367225988
116,2023-01-17,FinServe,Finance,164.89331948805028,422901.1615426288,8581318544.828847,15.35557439050247
117,2023-01-18,FinServe,Finance,168.06803533891835,471955.49744161905,8671753456.277657,15.040006919730109
118,2023-01-19,FinServe,Finance,170.43898357311852,504658.88667733496,8641296109.987247,14.661313501095318
119,2023-01-20,FinServe,Finance,162.69188361178612,482768.11954119994,8614126347.697733,14.521794590837935
120,2023-01-21,FinServe,Finance,164.2790162184861,452062.3621541465,8719768621.229483,15.210518754374954
121,2023-01-22,FinServe,Finance,165.33492966516093,513270.0227386945,8650171467.767067,14.689490389694319
122,2023-01-23,FinServe,Finance,167.8665691864796,490783.7169866486,8601982078.341955,14.890062334962316
123,2023-01-24,FinServe,Finance,163.90029402435138,444863.85735603457,8686868998.979752,15.517761595540843
124,2023-01-25,FinServe,Finance,163.03560719484733,491358.6189724904,8618696549.000784,14.801341142516964
125,2023-01-26,FinServe,Finance,164.36860010610351,457260.96070200746,8648924306.59229,14.698558438006721
126,2023-01-27,FinServe,Finance,165.79530753302805,476705.836522893,8636495804.558632,14.675655642848795
127,2023-01-28,FinServe,Finance,164.39443176982647,495956.602938381,8668483236.198298,14.65473241224423
128,2023-01-29,FinServe,Finance,165.5123563689851,495860.9236505623,8574651226.842142,15.109393718199138
129,2023-01-30,FinServe,Finance,164.25247640016022,491540.92664800416,8613827668.529476,14.407411950143192
130,2023-01-31,FinServe,Finance,162.65700157952844,479055.2968808561,8658055393.170263,14.676626309605316
131,2023-02-01,FinServe,Finance,166.40401285280873,438203.74735474976,8643969613.321093,14.58494177163486
132,2023-02-02,FinServe,Finance,164.27031357768533,479038.8981155875,8609627290.587996,14.83200329246596
133,2023-02-03,FinServe,Finance,167.01199844109263,464121.27924188995,8682956939.666191,14.609248325522092
134,2023-02-04,FinServe,Finance,166.22413348402458,512353.02765769,8539967110.086376,14.708738772278345
135,2023-02-05,FinServe,Finance,166.30229014584677,473054.4585758729,8662872685.992739,14.76640716175472
136,2023-02-06,FinServe,Finance,165.49128685608773,474186.33543758525,8697314560.575613,15.02301840857798
137,2023-02-07,FinServe,Finance,165.9063319058151,468064.3622719498,8625745283.958084,14.817653418639765
138,2023-02-08,FinServe,Finance,166.00033144833557,467846.7353430432,8659354680.678253,15.567380773753548
139,2023-02-09,FinServe,Finance,166.78850052978015,470115.857085584,8698759958.065062,14.824972292705631
140,2023-02-10,FinServe,Finance,161.97811183230405,453817.75241201685,8565944450.152573,14.841880860849788
141,2023-02-11,FinServe,Finance,165.37856671937854,517965.2889330255,8660960937.518211,14.881464289145459
142,2023-02-12,FinServe,Finance,166.7195187486842,425070.5181262589,8657013107.13986,15.177403890604484
143,2023-02-13,FinServe,Finance,162.9032978312911,505236.65463773324,8661461114.656332,14.82281618121169
144,2023-02-14,FinServe,Finance,166.394405147515,532165.2121448409,8654689345.879818,15.02116490845801
145,2023-02-15,FinServe,Finance,164.5885677011478,457598.9933855697,8682725364.8755,14.691044985973535
146,2023-02-16,FinServe,Finance,165.4664456993466,466492.5169926092,8667534793.386398,15.046706731267887
147,2023-02-17,FinServe,Finance,167.06366498902764,465719.2896523772,8635158707.364079,14.654371152845943
148,2023-02-18,FinServe,Finance,164.61348175856645,486922.00593212584,8679554262.310665,14.671290633056932
149,2023-02-19,FinServe,Finance,166.78598925022098,510299.6850695982,8664701015.516075,15.508009950013893
150,2023-02-20,FinServe,Finance,164.0686664433549,448164.87625190197,8569925089.031984,15.394188385390013
151,2023-02-21,FinServe,Finance,166.43009353724753,476578.0787547591,8658930716.80539,14.610509193651472
152,2023-02-22,FinServe,Finance,169.39211700635224,480994.07274894917,8651556105.150265,15.163922158335655
153,2023-02-23,FinServe,Finance,166.14345196163168,483256.0711465086,8612651038.688494,15.087902427558982
154,2023-02-24,FinServe,Finance,168.4600042545902,510055.52722182724,8715706557.938284,14.794139608719068
155,2023-02-25,FinServe,Finance,163.71181938777605,474900.5739249208,8649235734.342628,15.27405881657306
156,2023-02-26,FinServe,Finance,162.5496539608859,514455.3780294164,8639995181.660776,14.819350531945828
157,2023-02-27,FinServe,Finance,163.67461679831018,438362.97116472095,8682415582.260065,14.968879652304722
158,2023-02-28,FinServe,Finance,163.21518628024236,446959.9772657747,8632309155.889095,15.445898062341378
159,2023-03-01,FinServe,Finance,164.9188828779623,441988.2182029755,8636202027.883278,14.865434258003333
160,2023-03-02,FinServe,Finance,160.88886112272007,476608.8990364907,8636842262.000248,15.155085436929891
161,2023-03-03,FinServe,Finance,168.40532627690067,504825.91774872417,8635201346.799862,14.616178019892851
162,2023-03-04,FinServe,Finance,169.60311413384733,479321.3350637275,8647428736.950018,14.939750099641532
163,2023-03-05,FinServe,Finance,165.6756416897148,474456.75449460244,8622024736.834856,14.783484438201032
164,2023-03-06,FinServe,Finance,165.2939553630654,464920.98608657473,8616007247.019,14.978778206317408
165,2023-03-07,FinServe,Finance,164.92651226133458,513844.6775678122,8532214135.93378,15.273256264393531
166,2023-03-08,FinServe,Finance,167.40849062023557,428361.9800658868,8632010715.220545,14.835923784419231
167,2023-03-09,FinServe,Finance,163.02081825978158,459320.1175036863,8598811732.75315,15.470784430717295
168,2023-03-10,FinServe,Finance,166.8952388371304,508290.50097609946,8678027381.793179,14.609444155668356
169,2023-03-11,FinServe,Finance,164.4808279182723,489600.05104959855,8593988880.376772,15.160105244198038
170,2023-03-12,FinServe,Finance,164.95073876789974,468949.8308388289,8677564253.62143,15.079769771869248
171,2023-03-13,FinServe,Finance,164.75126153593578,505608.84232679,8600087680.86335,15.131089357522288
172,2023-03-14,FinServe,Finance,166.3287940110189,470509.58240298147,8660926594.419191,14.572955092313272
173,2023-03-15,FinServe,Finance,166.87597351026534,473487.99723288865,8624227039.724712,15.260552056320074
174,2023-03-16,FinServe,Finance,164.18349328082144,444250.666177752,8579527004.029922,15.128122189574214
175,2023-03-17,FinServe,Finance,163.2309465136824,519837.65098561096,8556816104.05305,15.454099413476639
176,2023-03-18,FinServe,Finance,165.69702567567103,475595.3017191106,8623267412.051968,15.066279481823223
177,2023-03-19,FinServe,Finance,165.28588400705598,504270.0375199338,8651765049.403315,14.99189312931083
178,2023-03-20,FinServe,Finance,164.74688634817204,476545.558359197,8660134058.58149,14.435725594098695
179,2023-03-21,FinServe,Finance,163.11891313163005,495666.82130878017,8654213735.102148,14.891962195993731
180,2023-03-22,FinServe,Finance,165.37859243741863,486211.8661509755,8623490474.516607,14.71429621122108
181,2023-03-23,FinServe,Finance,165.6719387093648,454527.7666380847,8664476969.86361,14.437992984989457
182,2023-03-24,FinServe,Finance,167.04980169578764,489199.15747328755,8657895739.574575,15.240726931444685
183,2023-03-25,FinServe,Finance,168.10194283145256,502144.9837750167,8567237915.515315,14.564446268014255
184,2023-03-26,FinServe,Finance,164.3149865537003,478529.74580594216,8669207054.819149,14.730008730419106
185,2023-03-27,FinServe,Finance,165.65692759650042,459856.1791426942,8620388074.326822,14.526455834653744
186,2023-03-28,FinServe,Finance,163.82156353271785,445607.36306497036,8604635482.495733,15.261936913508817
187,2023-03-29,FinServe,Finance,163.7782991364134,540807.8895334683,8668154687.627712,15.002216805334728
188,2023-03-30,FinServe,Finance,163.92883389096352,494640.4168372904,8621939313.998796,14.983435556211653
189,2023-03-31,FinServe,Finance,169.58116373380133,475610.9104288321,8696514351.45655,14.736755008260593
190,2023-04-01,FinServe,Finance,165.29025946852562,520220.13023119775,8619720139.19671,15.488774030594433
191,2023-04-02,FinServe,Finance,166.51836674195667,464465.97139225254,8674168116.131952,15.237696723572126
192,2023-04-03,FinServe,Finance,166.37626331155352,440385.27828218415,8615389371.032892,14.87296900189376
193,2023-04-04,FinServe,Finance,165.22503800715654,492737.44698592706,8654509264.730736,14.547775206201761
194,2023-04-05,FinServe,Finance,165.97676224663294,492496.43042536784,8671028570.53984,15.270049804321506
195,2023-04-06,FinServe,Finance,166.7269868174835,488878.5444031079,8643792962.424896,14.450435634570837
196,2023-04-07,FinServe,Finance,166.0584778924107,482869.0545757917,8658567991.55006,14.565291785046897
197,2023-04-08,FinServe,Finance,163.56060569486365,503071.71070277214,8645116383.330622,15.150689335871192
198,2023-04-09,FinServe,Finance,165.39493617743582,478617.32426743355,8687392402.56239,14.792696015644816
199,2023-04-10,FinServe,Finance,165.50704616725457,466860.0784986454,8628041448.594173,14.854538355029472
200,2023-01-01,HealthCare,Healthcare,61.4279738653328,370193.2590542585,4088240183.3551702,24.591628934197885
201,2023-01-02,HealthCare,Healthcare,62.17800812545928,350400.1282133713,4064294291.716587,24.931171525538545
202,2023-01-03,HealthCare,Healthcare,61.59362026364544,398680.55274811137,4048376628.966496,25.185784196286598
203,2023-01-04,HealthCare,Healthcare,62.957790662438825,371648.5092072592,4049833479.4062066,25.20735823610702
204,2023-01-05,HealthCare,Healthcare,62.51509601797419,368619.97885024635,4050347245.7614837,24.357287260311
205,2023-01-06,HealthCare,Healthcare,60.715565331980066,361129.3098333238,4038496266.27653,24.11918625257514
206,2023-01-07,HealthCare,Healthcare,61.52163413098914,382948.2058021481,4090341109.8234553,24.006235088447895
207,2023-01-08,HealthCare,Healthcare,62.148761583616846,374465.6055221812,4057870838.920665,24.825934026889456
208,2023-01-09,HealthCare,Healthcare,60.852023652451976,385752.9113632634,4062252717.1742597,24.73659060847704
209,2023-01-10,HealthCare,Healthcare,61.720943245774514,424983.96962745005,4045932140.5594997,24.23519646006756
210,2023-01-11,HealthCare,Healthcare,61.15948099330905,368002.6750888864,4045939301.5700836,25.0778426058148
211,2023-01-12,HealthCare,Healthcare,62.41720089309237,367713.69411827234,4041982539.1357813,24.726285074192756
212,2023-01-13,HealthCare,Healthcare,61.203125725334615,390494.2358520196,4062992869.4630313,23.75276222009968
213,2023-01-14,HealthCare,Healthcare,62.49536106471671,412503.88804926473,4046438511.4312596,24.30539783542345
214,2023-01-15,HealthCare,Healthcare,61.71891032532073,384845.36447887495,4072239417.262605,25.48014811979816
215,2023-01-16,HealthCare,Healthcare,61.43408164712173,363407.1159048322,4030882254.503451,24.13724790048201
216,2023-01-17,HealthCare,Healthcare,61.52259291801009,412478.9096294706,4048370076.9496503,24.604970649389553
217,2023-01-18,HealthCare,Healthcare,61.53287310469577,401006.77467111597,4110157184.0429296,24.235259257329208
218,2023-01-19,HealthCare,Healthcare,61.241764624964176,398277.0647148866,4072713234.4005995,25.400049738295323
219,2023-01-20,HealthCare,Healthcare,61.902347052117904,371715.6288957842,4070861643.5792007,25.03849675256439
220,2023-01-21,HealthCare,Healthcare,62.04792943106434,388116.0647898818,4080522168.32698,25.068181184684416
221,2023-01-22,HealthCare,Healthcare,62.39360207918154,390792.8480598009,4055483117.19384,24.567211449804038
222,2023-01-23,HealthCare,Healthcare,62.2855018192863,363054.36922986194,4066356667.694254,24.302636107658778
223,2023-01-24,HealthCare,Healthcare,61.56067066508144,402711.20331297163,4062752909.749566,24.51808500704169
224,2023-01-25,HealthCare,Healthcare,60.706084248186094,392638.9378210678,4071974370.8888183,25.555128431958103
225,2023-01-26,HealthCare,Healthcare,61.35356434604774,382663.10025722394,4063935759.502098,25.268140374852578
226,2023-01-27,HealthCare,Healthcare,61.4843325337107,383796.20911255316,4071211552.650837,24.586756491897642
227,2023-01-28,HealthCare,Healthcare,61.26823169317427,382188.81398705463,4080663357.5056667,23.992438698901406
228,2023-01-29,HealthCare,Healthcare,61.6248137446726,365265.18097254395,4083127396.3940334,23.749115947452466
229,2023-01-30,HealthCare,Healthcare,61.19900308233349,385654.53762128594,4090646003.0808997,24.463123936582615
230,2023-01-31,HealthCare,Healthcare,61.20129390935168,414117.8667607648,4029488139.1732306,23.418125641492118
231,2023-02-01,HealthCare,Healthcare,61.81377825045012,369013.7448035143,4038149393.824494,24.842364006195396
232,2023-02-02,HealthCare,Healthcare,61.69302246949324,367839.8848116784,4032891698.4192743,24.922758128676943
233,2023-02-03,HealthCare,Healthcare,61.94313342688121,376638.53021660686,4096351014.5884347,23.971093724769077
234,2023-02-04,HealthCare,Healthcare,60.6041265898161,365420.6135418933,4057949534.276246,24.614549059268246
235,2023-02-05,HealthCare,Healthcare,61.39451638495253,385178.43175543204,4033475465.5513463,25.202645395766556
236,2023-02-06,HealthCare,Healthcare,61.49242196089271,399661.20044660143,4065830070.055197,24.71910189681857
237,2023-02-07,HealthCare,Healthcare,61.893632009093636,386988.74205543485,4071918329.5744634,25.146496171855063
238,2023-02-08,HealthCare,Healthcare,61.66392522902679,391933.95630848454,4057053544.228153,25.20085851561085
239,2023-02-09,HealthCare,Healthcare,61.126708263550526,412599.7047050283,4058059693.4684625,23.794389109533288
240,2023-02-10,HealthCare,Healthcare,61.62181951914209,365626.0795660222,4075935007.966487,24.175610564914255
241,2023-02-11,HealthCare,Healthcare,61.268385662224304,342754.48664608924,4049695400.5923414,23.307860687594967
242,2023-02-12,HealthCare,Healthcare,60.568199242633355,392906.94743370754,4074821995.726117,24.70376994432318
243,2023-02-13,HealthCare,Healthcare,60.94787430764748,377612.53593527427,4058801562.6392126,23.927844798321125
244,2023-02-14,HealthCare,Healthcare,62.468216364232305,395120.27211026574,4054390344.467599,24.5085069834653
245,2023-02-15,HealthCare,Healthcare,61.671225234709226,339874.09456507716,4053858363.8232107,24.16122677231374
246,2023-02-16,HealthCare,Healthcare,60.92655343956798,373195.46931017516,4095357595.489912,24.809288647475732
247,2023-02-17,HealthCare,Healthcare,61.19145967153929,389352.08353642427,4087273715.6193995,24.94831967484236
248,2023-02-18,HealthCare,Healthcare,61.579678551161,366271.7301223448,4073044678.5344033,24.688106560633933
249,2023-02-19,HealthCare,Healthcare,62.09390883093209,390536.6292849747,4080174688.588324,24.23312010974661
250,2023-02-20,HealthCare,Healthcare,62.35374381393537,382255.23611202335,4100990792.900898,24.157697694999825
251,2023-02-21,HealthCare,Healthcare,62.61134410481298,382261.1254115749,4045654553.727588,24.258276514269948
252,2023-02-22,HealthCare,Healthcare,61.345828963785934,386543.1798350531,4069485292.517646,24.214275949915276
253,2023-02-23,HealthCare,Healthcare,61.5279917024776,419059.6382562727,4093934080.0186577,24.70909332347453
254,2023-02-24,HealthCare,Healthcare,61.56636871744261,380787.1962958009,4071325636.720124,23.994262491366563
255,2023-02-25,HealthCare,Healthcare,61.384583052801254,346936.2627368682,4066976657.0205097,24.81240106322173
256,2023-02-26,HealthCare,Healthcare,61.24561289534494,408304.4305008983,4033998527.8840356,23.777928352838273
257,2023-02-27,HealthCare,Healthcare,61.681114582735894,398332.65777131455,4093048931.2103877,24.27052495171949
258,2023-02-28,HealthCare,Healthcare,62.20683257659993,377786.7077019606,4055371311.0338163,24.928246362081172
259,2023-03-01,HealthCare,Healthcare,61.94443918457292,348681.0662605254,4088840135.0651574,25.171451443468804
260,2023-03-02,HealthCare,Healthcare,61.157990314575144,386006.3991741504,4068900706.9688525,24.623041257211387
261,2023-03-03,HealthCare,Healthcare,61.204306052266475,365804.5172573108,4058356070.0547824,25.069863244493785
262,2023-03-04,HealthCare,Healthcare,61.87752798013185,371501.3466986028,4074535815.6753035,23.099815290962763
263,2023-03-05,HealthCare,Healthcare,62.249964892415605,345590.0779092907,4051519162.123344,23.946801637767546
264,2023-03-06,HealthCare,Healthcare,60.7461946795508,400485.0575439554,4049382971.1077785,24.665090006795037
265,2023-03-07,HealthCare,Healthcare,61.51410392179121,387543.87795999314,4060433726.0527277,23.866788932848856
266,2023-03-08,HealthCare,Healthcare,62.15611253625505,369170.78409802605,4027284819.680891,24.285598941159737
267,2023-03-09,HealthCare,Healthcare,62.46659254584707,394606.616182647,4051798997.320827,24.32423173819538
268,2023-03-10,HealthCare,Healthcare,61.34503644835166,417819.57649467955,4066625814.5832553,24.70601571851648
269,2023-03-11,HealthCare,Healthcare,62.17704738695733,383034.78037101927,4053617575.886857,24.399142322273644
270,2023-03-12,HealthCare,Healthcare,61.49891469544545,377811.05065880896,4073641459.5458884,24.520784068516996
271,2023-03-13,HealthCare,Healthcare,61.993868782364586,376987.8864755755,4060470525.8248568,23.51640351007085
272,2023-03-14,HealthCare,Healthcare,62.106915604197326,385073.0734655238,4079128663.708686,23.07644049094599
273,2023-03-15,HealthCare,Healthcare,62.828228276373245,375873.66838421096,4081364549.7572002,23.985878540551568
274,2023-03-16,HealthCare,Healthcare,61.92009956771676,358578.80387592426,4046215673.7278905,25.43303223132733
275,2023-03-17,HealthCare,Healthcare,61.42562861215008,382630.596099194,4076532153.2960014,24.73817331283023
276,2023-03-18,HealthCare,Healthcare,61.635552521457704,385422.68035659636,4107650487.161648,24.467107595366354
277,2023-03-19,HealthCare,Healthcare,61.66674259097281,398399.9595966365,4081310629.965779,25.076869540594423
278,2023-03-20,HealthCare,Healthcare,61.93607385873969,356883.2559574473,4092024143.302731,23.933733132149484
279,2023-03-21,HealthCare,Healthcare,61.72923112896592,364240.2549354707,4057573026.3595304,24.6563983409222
280,2023-03-22,HealthCare,Healthcare,61.74075305199984,386500.68783211365,4091623932.9175425,24.717524927472365
281,2023-03-23,HealthCare,Healthcare,61.3927189745591,396761.6076776441,4083014232.1269083,23.893922126395704
282,2023-03-24,HealthCare,Healthcare,61.91063805134899,391785.7482712659,4052835809.0742526,25.16930342749915
283,2023-03-25,HealthCare,Healthcare,61.45063156409836,380892.1421199499,4055362289.690827,24.50296771049917
284,2023-03-26,HealthCare,Healthcare,60.86829988422939,351261.4306134081,4091234155.0053415,24.080403384099437
285,2023-03-27,HealthCare,Healthcare,60.93284784661117,337760.93245945295,4045907345.636116,23.847144864689486
286,2023-03-28,HealthCare,Healthcare,62.55352530999385,397627.08189795323,4044909093.8731647,25.598818842330168
287,2023-03-29,HealthCare,Healthcare,62.14718798408677,372367.8245059124,4008150801.1329317,25.61768356593113
288,2023-03-30,HealthCare,Healthcare,60.68779593567969,347375.0630294706,4079627100.0564747,25.690586501791902
289,2023-03-31,HealthCare,Healthcare,62.39490299160565,389187.92776967323,4070944840.5855193,24.913429438055143
290,2023-04-01,HealthCare,Healthcare,62.010047516462805,383837.27611876413,4060989370.021715,24.464670637304277
291,2023-04-02,HealthCare,Healthcare,61.07896796640553,373203.5168531006,4024517176.226768,24.44715818768613
292,2023-04-03,HealthCare,Healthcare,60.934571814609775,357629.2266700498,4062525512.9831047,25.177286689058
293,2023-04-04,HealthCare,Healthcare,62.10813965179426,348792.5684768868,4038790791.012012,24.956225546839075
294,2023-04-05,HealthCare,Healthcare,60.93832822187255,374264.1537806092,4070037636.5829115,24.020936985890785
295,2023-04-06,HealthCare,Healthcare,61.6078314713112,353268.0432997283,4046670294.4138746,24.651998745404423
296,2023-04-07,HealthCare,Healthcare,60.56260442565975,386851.83636305167,4058476137.0890207,24.766003965684657
297,2023-04-08,HealthCare,Healthcare,61.68078367567317,404332.92590337247,4061416026.72435,24.284966775263015
298,2023-04-09,HealthCare,Healthcare,61.6182457725119,388797.84688793286,4059866258.4226484,24.5152215724099
299,2023-04-10,HealthCare,Healthcare,61.11095363863726,365969.59639530024,4030409678.836575,25.35246481429318
300,2023-01-01,ManuFact,Manufacturing,174.71494810414865,480592.9239027778,4174626796.837294,15.105180938908468
301,2023-01-02,ManuFact,Manufacturing,174.79399204816715,466426.24411621306,4163330350.6089854,15.369690074236042
302,2023-01-03,ManuFact,Manufacturing,173.88926928726042,467135.268976578,4194040861.603437,14.859377728386528
303,2023-01-04,ManuFact,Manufacturing,175.65312769868396,457023.3132274215,4181708247.0728846,14.6940826006455
304,2023-01-05,ManuFact,Manufacturing,177.6754221446616,510852.30069186917,4169138626.5970907,14.333664184590702
305,2023-01-06,ManuFact,Manufacturing,175.8238373916104,519343.7571581692,4163992431.0401073,15.220537946150454
306,2023-01-07,ManuFact,Manufacturing,178.93159982434244,447276.4637830957,4192686414.4294405,15.217378191456394
307,2023-01-08,ManuFact,Manufacturing,175.3120094817663,455326.8069274563,4168632977.963239,14.438313435742133
308,2023-01-09,ManuFact,Manufacturing,174.8366020300932,431858.057190514,4181504893.252121,14.510462937423414
309,2023-01-10,ManuFact,Manufacturing,176.39060999660612,424222.92994463525,4187709121.5479307,14.983092360234515
310,2023-01-11,ManuFact,Manufacturing,172.4706354872095,468612.72345487756,4206455559.7759485,14.380871638049062
311,2023-01-12,ManuFact,Manufacturing,178.92257485934954,469646.8803574901,4166054872.63376,14.72097334291879
312,2023-01-13,ManuFact,Manufacturing,176.96173463853296,461757.40851174825,4192054548.5548043,14.466044273423465
313,2023-01-14,ManuFact,Manufacturing,176.27723524552036,427493.1621327302,4178467348.3569875,14.470986007878654
314,2023-01-15,ManuFact,Manufacturing,174.6848157548918,488439.96404253395,4203605119.0904694,14.916953558547856
315,2023-01-16,ManuFact,Manufacturing,174.05695221515796,452731.7086874537,4206150962.0303607,14.77918198803763
316,2023-01-17,ManuFact,Manufacturing,180.06073289383832,469055.74156217393,4184807001.170883,14.646299650783595
317,2023-01-18,ManuFact,Manufacturing,176.21419963981387,456502.37261003774,4195594690.6424236,15.019397487869085
318,2023-01-19,ManuFact,Manufacturing,174.5960175012415,429390.275774787,4142408446.2549114,14.887140720696136
319,2023-01-20,ManuFact,Manufacturing,174.03749975381987,410491.7700783763,4188915246.1342564,15.472218358663167
320,2023-01-21,ManuFact,Manufacturing,175.9685118887249,479294.9249467104,4182502971.531641,14.708263629880141
321,2023-01-22,ManuFact,Manufacturing,177.59657883015635,453332.80060018913,4186381972.5152636,14.832231036398648
322,2023-01-23,ManuFact,Manufacturing,174.80349522494234,482826.6821863464,4177135061.6069665,14.51465663624254
323,2023-01-24,ManuFact,Manufacturing,176.92334113612606,439344.07026535575,4181381511.5691566,14.73472337142784
324,2023-01-25,ManuFact,Manufacturing,177.8901457099686,470927.52824816684,4180269251.128162,14.978446343490523
325,2023-01-26,ManuFact,Manufacturing,178.42567148957593,472839.1443746918,4181008824.49698,14.350749780363705
326,2023-01-27,ManuFact,Manufacturing,174.10481697531293,452988.9400024007,4168051193.770163,14.682301720072411
327,2023-01-28,ManuFact,Manufacturing,176.07888751205368,472192.42767533695,4179318709.9420314,14.880806674780926
328,2023-01-29,ManuFact,Manufacturing,176.0926569864491,414572.604743072,4161156582.282361,14.694941628399299
329,2023-01-30,ManuFact,Manufacturing,173.85038435439716,473807.88759693323,4212791171.060288,15.096639070256431
330,2023-01-31,ManuFact,Manufacturing,175.60358038304236,494296.63991982915,4183900152.610655,14.638055688305558
331,2023-02-01,ManuFact,Manufacturing,174.89973435796247,453052.30668743857,4172677980.233759,14.7876410583057
332,2023-02-02,ManuFact,Manufacturing,176.26177222992953,460079.30923141976,4189926152.651174,15.08835205390672
333,2023-02-03,ManuFact,Manufacturing,177.65021315773006,425855.9093671221,4127405343.1942196,15.012800313591992
334,2023-02-04,ManuFact,Manufacturing,173.57377329403243,454839.5411688758,4156332415.4117174,14.206280646569372
335,2023-02-05,ManuFact,Manufacturing,176.9320571826562,477470.1691311039,4168741062.175505,13.973706066633904
336,2023-02-06,ManuFact,Manufacturing,175.01791884489222,469020.92268026224,4149877302.387962,14.791456190122114
337,2023-02-07,ManuFact,Manufacturing,175.95225328061187,473333.2217537877,4183292117.2099442,14.4506008377344
338,2023-02-08,ManuFact,Manufacturing,178.08491233138201,456362.9958647359,4180221640.666246,14.462332106419545
339,2023-02-09,ManuFact,Manufacturing,175.1991108908772,439658.3777436794,4177177155.847906,15.241934213315183
340,2023-02-10,ManuFact,Manufacturing,173.56493483658238,422896.5909875911,4211545702.446872,14.675713397493844
341,2023-02-11,ManuFact,Manufacturing,174.80176660767282,483927.53809191386,4168132649.4536357,15.275624298815307
342,2023-02-12,ManuFact,Manufacturing,177.1722039240028,448787.06132845965,4225888702.784892,14.55887778193258
343,2023-02-13,ManuFact,Manufacturing,177.28512889499336,466893.117121783,4208003964.2612147,15.197663830840451
344,2023-02-14,ManuFact,Manufacturing,176.0355160740382,442680.2899096166,4190407653.953085,14.537655778155708
345,2023-02-15,ManuFact,Manufacturing,179.52233810909578,463149.6251173235,4173155745.8729844,14.791845371575342
346,2023-02-16,ManuFact,Manufacturing,173.60853342426756,437661.677133097,4205885820.5227795,14.543792757676524
347,2023-02-17,ManuFact,Manufacturing,174.13684990581598,472352.5108520359,4205578328.3981466,14.949321390652171
348,2023-02-18,ManuFact,Manufacturing,177.73203213358832,442602.612328626,4151070937.478129,15.179926606419096
349,2023-02-19,ManuFact,Manufacturing,175.4113460457988,454239.97397850495,4208556933.6854415,14.90135898666782
350,2023-02-20,ManuFact,Manufacturing,176.78146306338104,509805.3045361478,4167340333.0461297,15.01089040901691
351,2023-02-21,ManuFact,Manufacturing,176.07952666849144,466186.9959883828,4212743459.7332773,14.887094866531385
352,2023-02-22,ManuFact,Manufacturing,176.92648453895086,484677.4141176105,4173163455.709258,14.490055620822087
353,2023-02-23,ManuFact,Manufacturing,174.14054861659108,414782.1384266355,4223775289.5739665,14.412242473443778
354,2023-02-24,ManuFact,Manufacturing,175.58983508336206,453642.41544447717,4187218431.6751046,14.977848273801687
355,2023-02-25,ManuFact,Manufacturing,177.49344975171203,446598.19861748524,4177298907.758629,14.82070111791816
356,2023-02-26,ManuFact,Manufacturing,175.54155078704443,496978.9409534943,4191055735.4901524,14.954015101483423
357,2023-02-27,ManuFact,Manufacturing,177.14572855326517,486999.6907754282,4184576481.521208,14.355172266535165
358,2023-02-28,ManuFact,Manufacturing,176.68256307173303,445027.7395702984,4169742230.660325,14.910240932394677
359,2023-03-01,ManuFact,Manufacturing,178.15831601626294,460498.50546155666,4187248247.30537,15.239136010588874
360,2023-03-02,ManuFact,Manufacturing,176.4028709382442,519849.1641804366,4192613805.9061847,14.2184294840654
361,2023-03-03,ManuFact,Manufacturing,177.3049199536672,468776.0684850492,4207753356.37371,14.935830186930238
362,2023-03-04,ManuFact,Manufacturing,175.7355417033687,431849.82372584107,4176422999.482696,14.486721786484665
363,2023-03-05,ManuFact,Manufacturing,174.95759493375917,473546.82485953264,4215700034.141647,14.853739911806429
364,2023-03-06,ManuFact,Manufacturing,173.87469003915479,470235.31634275685,4205806752.931423,14.557678751666078
365,2023-03-07,ManuFact,Manufacturing,175.74335309835897,460347.0846307955,4164384929.160066,14.92849068575314
366,2023-03-08,ManuFact,Manufacturing,175.7663518512006,469658.6895893797,4162240310.9034886,14.608471122574706
367,2023-03-09,ManuFact,Manufacturing,177.25043633144972,451433.9144377065,4216892800.5645275,14.619619123697536
368,2023-03-10,ManuFact,Manufacturing,176.37459380264033,481459.26978566527,4151142950.2437973,14.218415910077054
369,2023-03-11,ManuFact,Manufacturing,173.2943577226005,489049.26764272456,4169256391.975467,15.491435874529035
370,2023-03-12,ManuFact,Manufacturing,174.98623704565765,464254.01468180114,4213028621.678587,15.32870349463066
371,2023-03-13,ManuFact,Manufacturing,179.6070128379336,487802.2314935126,4202199377.9199233,14.912057445195767
372,2023-03-14,ManuFact,Manufacturing,177.34894898938646,447331.7229779143,4163688815.3008137,14.736416564162182
373,2023-03-15,ManuFact,Manufacturing,175.6797059005431,449584.7946212257,4195349670.511163,15.018985692701875
374,2023-03-16,ManuFact,Manufacturing,176.13477315720914,493993.1245337983,4156926587.7884574,14.680330397885585
375,2023-03-17,ManuFact,Manufacturing,174.7177372775485,417078.0439531421,4179064059.8037996,14.701526317667184
376,2023-03-18,ManuFact,Manufacturing,178.64255211140306,474518.2098341575,4159382851.1975026,15.283901669787681
377,2023-03-19,ManuFact,Manufacturing,178.12796070332286,473397.7657405202,4176057998.7129602,14.454618168823048
378,2023-03-20,ManuFact,Manufacturing,175.32418894014225,485050.97112375416,4220187734.378765,15.192279468014313
379,2023-03-21,ManuFact,Manufacturing,175.1189221506843,434257.53060636664,4183737494.4858856,14.21616681796373
380,2023-03-22,ManuFact,Manufacturing,176.54790337332,456614.3216128681,4171050404.3668156,14.26737528325956
381,2023-03-23,ManuFact,Manufacturing,176.8830247652771,447756.8836899098,4156336516.5673327,13.890816994440787
382,2023-03-24,ManuFact,Manufacturing,175.9307749214766,500771.8556921895,4215519313.331521,14.602682869851293
383,2023-03-25,ManuFact,Manufacturing,174.9194274914009,470791.2740420041,4159922202.373806,14.826363805855218
384,2023-03-26,ManuFact,Manufacturing,177.3273373402574,488229.2809258489,4178698796.708708,14.67737870343311
385,2023-03-27,ManuFact,Manufacturing,174.43412873781827,440990.618810617,4176058107.5588098,14.845691510031873
386,2023-03-28,ManuFact,Manufacturing,177.58691430482557,441535.7620490255,4211995518.950259,14.657497979709076
387,2023-03-29,ManuFact,Manufacturing,175.9415934373285,442823.03517734347,4130116187.27849,14.997981989639795
388,2023-03-30,ManuFact,Manufacturing,177.27588739168644,453538.5854405041,4182192785.1362815,14.88948334738823
389,2023-03-31,ManuFact,Manufacturing,173.22943980283418,447840.79311032715,4197395692.459724,14.36771160014304
390,2023-04-01,ManuFact,Manufacturing,176.49579631715585,428807.2404772461,4190542648.3849216,14.726905915896351
391,2023-04-02,ManuFact,Manufacturing,173.13689945524345,486798.79316635284,4165436539.267147,14.498590713020352
392,2023-04-03,ManuFact,Manufacturing,176.33215548957548,486428.439604037,4159557712.9520597,14.755591205663617
393,2023-04-04,ManuFact,Manufacturing,176.7338232571609,475950.9988653932,4184480741.303307,14.629230375911831
394,2023-04-05,ManuFact,Manufacturing,174.522808818253,461990.598508057,4158380460.4856253,13.876348313996424
395,2023-04-06,ManuFact,Manufacturing,176.74744986093552,480800.16874508915,4131397763.721179,14.439794847972317
396,2023-04-07,ManuFact,Manufacturing,177.06877811699562,507332.59668830654,4181227084.6009755,14.52283360579421
397,2023-04-08,ManuFact,Manufacturing,175.65733574448163,491632.04283590586,4167289203.0263553,14.501850755222318
398,2023-04-09,ManuFact,Manufacturing,175.12966726368163,438082.2504853172,4183356709.356964,15.216282269028147
399,2023-04-10,ManuFact,Manufacturing,176.54774773543878,454205.0021048905,4174692402.027856,14.27666346549441
